{"cameraMode":{"drawMode":0,"name":"Shaded","section":"Shading Mode"},"sceneLighting":true,"audioPlay":false,"sceneViewState":{"m_AlwaysRefresh":false,"showFog":true,"showSkybox":true,"showFlares":true,"showImageEffects":true,"showParticleSystems":true,"showVisualEffectGraphs":true,"m_FxEnabled":true},"in2DMode":false,"pivot":{"x":0.937411904335022,"y":-3.4697024822235109,"z":-16.885053634643556},"rotation":{"x":0.01227765902876854,"y":-0.9873239994049072,"z":0.09688051789999008,"w":0.12503953278064729},"size":25.612581253051759,"orthographic":false}